{
    "total_observers": 1807,
    "top_1_pct_contribution": 0.40786537512984233,
    "top_5_pct_contribution": 0.5911650902399954,
    "top_10_pct_contribution": 0.6826283683525985
}